"country_number","country_name","two_letter_country_code","three_letter_country_code"
4,"Afghanistan, Islamic Republic of",AF,AFG
8,"Albania, Republic of",AL,ALB
10,Antarctica (the territory South of 60 deg S),AQ,ATA
12,"Algeria, People's Democratic Republic of",DZ,DZA
16,American Samoa,AS,ASM
20,"Andorra, Principality of",AD,AND
24,"Angola, Republic of",AO,AGO
28,Antigua and Barbuda,AG,ATG
31,"Azerbaijan, Republic of",AZ,AZE
31,"Azerbaijan, Republic of",AZ,AZE
32,"Argentina, Argentine Republic",AR,ARG
36,"Australia, Commonwealth of",AU,AUS
40,"Austria, Republic of",AT,AUT
44,"Bahamas, Commonwealth of the",BS,BHS
48,"Bahrain, Kingdom of",BH,BHR
50,"Bangladesh, People's Republic of",BD,BGD
51,"Armenia, Republic of",AM,ARM
51,"Armenia, Republic of",AM,ARM
52,Barbados,BB,BRB
56,"Belgium, Kingdom of",BE,BEL
60,Bermuda,BM,BMU
64,"Bhutan, Kingdom of",BT,BTN
68,"Bolivia, Republic of",BO,BOL
70,Bosnia and Herzegovina,BA,BIH
72,"Botswana, Republic of",BW,BWA
74,Bouvet Island (Bouvetoya),BV,BVT
76,"Brazil, Federative Republic of",BR,BRA
84,Belize,BZ,BLZ
86,British Indian Ocean Territory (Chagos Archipelago),IO,IOT
90,Solomon Islands,SB,SLB
92,British Virgin Islands,VG,VGB
96,Brunei Darussalam,BN,BRN
100,"Bulgaria, Republic of",BG,BGR
104,"Myanmar, Union of",MM,MMR
108,"Burundi, Republic of",BI,BDI
112,"Belarus, Republic of",BY,BLR
116,"Cambodia, Kingdom of",KH,KHM
120,"Cameroon, Republic of",CM,CMR
124,Canada,CA,CAN
132,"Cape Verde, Republic of",CV,CPV
136,Cayman Islands,KY,CYM
140,Central African Republic,CF,CAF
144,"Sri Lanka, Democratic Socialist Republic of",LK,LKA
148,"Chad, Republic of",TD,TCD
152,"Chile, Republic of",CL,CHL
156,"China, People's Republic of",CN,CHN
158,Taiwan,TW,TWN
162,Christmas Island,CX,CXR
166,Cocos (Keeling) Islands,CC,CCK
170,"Colombia, Republic of",CO,COL
174,"Comoros, Union of the",KM,COM
175,Mayotte,YT,MYT
178,"Congo, Republic of the",CG,COG
180,"Congo, Democratic Republic of the",CD,COD
184,Cook Islands,CK,COK
188,"Costa Rica, Republic of",CR,CRI
191,"Croatia, Republic of",HR,HRV
192,"Cuba, Republic of",CU,CUB
196,"Cyprus, Republic of",CY,CYP
196,"Cyprus, Republic of",CY,CYP
203,Czech Republic,CZ,CZE
204,"Benin, Republic of",BJ,BEN
208,"Denmark, Kingdom of",DK,DNK
212,"Dominica, Commonwealth of",DM,DMA
214,Dominican Republic,DO,DOM
218,"Ecuador, Republic of",EC,ECU
222,"El Salvador, Republic of",SV,SLV
226,"Equatorial Guinea, Republic of",GQ,GNQ
231,"Ethiopia, Federal Democratic Republic of",ET,ETH
232,"Eritrea, State of",ER,ERI
233,"Estonia, Republic of",EE,EST
234,Faroe Islands,FO,FRO
238,Falkland Islands (Malvinas),FK,FLK
239,South Georgia and the South Sandwich Islands,GS,SGS
242,"Fiji, Republic of the Fiji Islands",FJ,FJI
246,"Finland, Republic of",FI,FIN
248,Åland Islands,AX,ALA
250,"France, French Republic",FR,FRA
254,French Guiana,GF,GUF
258,French Polynesia,PF,PYF
260,French Southern Territories,TF,ATF
262,"Djibouti, Republic of",DJ,DJI
266,"Gabon, Gabonese Republic",GA,GAB
268,Georgia,GE,GEO
268,Georgia,GE,GEO
270,"Gambia, Republic of the",GM,GMB
275,"Palestinian Territory, Occupied",PS,PSE
276,"Germany, Federal Republic of",DE,DEU
288,"Ghana, Republic of",GH,GHA
292,Gibraltar,GI,GIB
296,"Kiribati, Republic of",KI,KIR
300,"Greece, Hellenic Republic",GR,GRC
304,Greenland,GL,GRL
308,Grenada,GD,GRD
312,Guadeloupe,GP,GLP
316,Guam,GU,GUM
320,"Guatemala, Republic of",GT,GTM
324,"Guinea, Republic of",GN,GIN
328,"Guyana, Co-operative Republic of",GY,GUY
332,"Haiti, Republic of",HT,HTI
334,Heard Island and McDonald Islands,HM,HMD
336,Holy See (Vatican City State),VA,VAT
340,"Honduras, Republic of",HN,HND
344,"Hong Kong, Special Administrative Region of China",HK,HKG
348,"Hungary, Republic of",HU,HUN
352,"Iceland, Republic of",IS,ISL
356,"India, Republic of",IN,IND
360,"Indonesia, Republic of",ID,IDN
364,"Iran, Islamic Republic of",IR,IRN
368,"Iraq, Republic of",IQ,IRQ
372,Ireland,IE,IRL
376,"Israel, State of",IL,ISR
380,"Italy, Italian Republic",IT,ITA
384,"Cote d'Ivoire, Republic of",CI,CIV
388,Jamaica,JM,JAM
392,Japan,JP,JPN
398,"Kazakhstan, Republic of",KZ,KAZ
398,"Kazakhstan, Republic of",KZ,KAZ
400,"Jordan, Hashemite Kingdom of",JO,JOR
404,"Kenya, Republic of",KE,KEN
408,"Korea, Democratic People's Republic of",KP,PRK
410,"Korea, Republic of",KR,KOR
414,"Kuwait, State of",KW,KWT
417,Kyrgyz Republic,KG,KGZ
418,Lao People's Democratic Republic,LA,LAO
422,"Lebanon, Lebanese Republic",LB,LBN
426,"Lesotho, Kingdom of",LS,LSO
428,"Latvia, Republic of",LV,LVA
430,"Liberia, Republic of",LR,LBR
434,Libyan Arab Jamahiriya,LY,LBY
438,"Liechtenstein, Principality of",LI,LIE
440,"Lithuania, Republic of",LT,LTU
442,"Luxembourg, Grand Duchy of",LU,LUX
446,"Macao, Special Administrative Region of China",MO,MAC
450,"Madagascar, Republic of",MG,MDG
454,"Malawi, Republic of",MW,MWI
458,Malaysia,MY,MYS
462,"Maldives, Republic of",MV,MDV
466,"Mali, Republic of",ML,MLI
470,"Malta, Republic of",MT,MLT
474,Martinique,MQ,MTQ
478,"Mauritania, Islamic Republic of",MR,MRT
480,"Mauritius, Republic of",MU,MUS
484,"Mexico, United Mexican States",MX,MEX
492,"Monaco, Principality of",MC,MCO
496,Mongolia,MN,MNG
498,"Moldova, Republic of",MD,MDA
499,"Montenegro, Republic of",ME,MNE
500,Montserrat,MS,MSR
504,"Morocco, Kingdom of",MA,MAR
508,"Mozambique, Republic of",MZ,MOZ
512,"Oman, Sultanate of",OM,OMN
516,"Namibia, Republic of",NA,NAM
520,"Nauru, Republic of",NR,NRU
524,"Nepal, State of",NP,NPL
528,"Netherlands, Kingdom of the",NL,NLD
530,Netherlands Antilles,AN,ANT
531,Curaçao,CW,CUW
533,Aruba,AW,ABW
534,Sint Maarten (Netherlands),SX,SXM
535,"Bonaire, Sint Eustatius and Saba",BQ,BES
540,New Caledonia,NC,NCL
548,"Vanuatu, Republic of",VU,VUT
554,New Zealand,NZ,NZL
558,"Nicaragua, Republic of",NI,NIC
562,"Niger, Republic of",NE,NER
566,"Nigeria, Federal Republic of",NG,NGA
570,Niue,NU,NIU
574,Norfolk Island,NF,NFK
578,"Norway, Kingdom of",NO,NOR
580,"Northern Mariana Islands, Commonwealth of the",MP,MNP
581,United States Minor Outlying Islands,UM,UMI
581,United States Minor Outlying Islands,UM,UMI
583,"Micronesia, Federated States of",FM,FSM
584,"Marshall Islands, Republic of the",MH,MHL
585,"Palau, Republic of",PW,PLW
586,"Pakistan, Islamic Republic of",PK,PAK
591,"Panama, Republic of",PA,PAN
598,"Papua New Guinea, Independent State of",PG,PNG
600,"Paraguay, Republic of",PY,PRY
604,"Peru, Republic of",PE,PER
608,"Philippines, Republic of the",PH,PHL
612,Pitcairn Islands,PN,PCN
616,"Poland, Republic of",PL,POL
620,"Portugal, Portuguese Republic",PT,PRT
624,"Guinea-Bissau, Republic of",GW,GNB
626,"Timor-Leste, Democratic Republic of",TL,TLS
630,"Puerto Rico, Commonwealth of",PR,PRI
634,"Qatar, State of",QA,QAT
638,Reunion,RE,REU
642,Romania,RO,ROU
643,Russian Federation,RU,RUS
643,Russian Federation,RU,RUS
646,"Rwanda, Republic of",RW,RWA
652,Saint Barthelemy,BL,BLM
654,Saint Helena,SH,SHN
659,"Saint Kitts and Nevis, Federation of",KN,KNA
660,Anguilla,AI,AIA
662,Saint Lucia,LC,LCA
663,Saint Martin,MF,MAF
666,Saint Pierre and Miquelon,PM,SPM
670,Saint Vincent and the Grenadines,VC,VCT
674,"San Marino, Republic of",SM,SMR
678,"Sao Tome and Principe, Democratic Republic of",ST,STP
682,"Saudi Arabia, Kingdom of",SA,SAU
686,"Senegal, Republic of",SN,SEN
688,"Serbia, Republic of",RS,SRB
690,"Seychelles, Republic of",SC,SYC
694,"Sierra Leone, Republic of",SL,SLE
702,"Singapore, Republic of",SG,SGP
703,Slovakia (Slovak Republic),SK,SVK
704,"Vietnam, Socialist Republic of",VN,VNM
705,"Slovenia, Republic of",SI,SVN
706,"Somalia, Somali Republic",SO,SOM
710,"South Africa, Republic of",ZA,ZAF
716,"Zimbabwe, Republic of",ZW,ZWE
724,"Spain, Kingdom of",ES,ESP
728,South Sudan,SS,SSD
732,Western Sahara,EH,ESH
736,"Sudan, Republic of",SD,SDN
740,"Suriname, Republic of",SR,SUR
744,Svalbard & Jan Mayen Islands,SJ,SJM
748,"Swaziland, Kingdom of",SZ,SWZ
752,"Sweden, Kingdom of",SE,SWE
756,"Switzerland, Swiss Confederation",CH,CHE
760,Syrian Arab Republic,SY,SYR
762,"Tajikistan, Republic of",TJ,TJK
764,"Thailand, Kingdom of",TH,THA
768,"Togo, Togolese Republic",TG,TGO
772,Tokelau,TK,TKL
776,"Tonga, Kingdom of",TO,TON
780,"Trinidad and Tobago, Republic of",TT,TTO
784,United Arab Emirates,AE,ARE
788,"Tunisia, Tunisian Republic",TN,TUN
792,"Turkey, Republic of",TR,TUR
792,"Turkey, Republic of",TR,TUR
795,Turkmenistan,TM,TKM
796,Turks and Caicos Islands,TC,TCA
798,Tuvalu,TV,TUV
800,"Uganda, Republic of",UG,UGA
804,Ukraine,UA,UKR
807,"Macedonia, The Former Yugoslav Republic of",MK,MKD
818,"Egypt, Arab Republic of",EG,EGY
826,United Kingdom of Great Britain & Northern Ireland,GB,GBR
831,"Guernsey, Bailiwick of",GG,GGY
832,"Jersey, Bailiwick of",JE,JEY
833,Isle of Man,IM,IMN
834,"Tanzania, United Republic of",TZ,TZA
840,United States of America,US,USA
850,United States Virgin Islands,VI,VIR
854,Burkina Faso,BF,BFA
858,"Uruguay, Eastern Republic of",UY,URY
860,"Uzbekistan, Republic of",UZ,UZB
862,"Venezuela, Bolivarian Republic of",VE,VEN
876,Wallis and Futuna,WF,WLF
882,"Samoa, Independent State of",WS,WSM
887,Yemen,YE,YEM
894,"Zambia, Republic of",ZM,ZMB
,Disputed Territory,XX,""
,Iraq-Saudi Arabia Neutral Zone,XE,""
,United Nations Neutral Zone,XD,""
,Spratly Islands,XS,""
